code,name,market
600000,浦发银行,上海主板
600004,白云机场,上海主板
600009,上海机场,上海主板
600010,包钢股份,上海主板
600011,华能国际,上海主板
600015,华夏银行,上海主板
600016,民生银行,上海主板
600018,上港集团,上海主板
600019,中远海控,上海主板
600025,华能水电,上海主板
600026,中远海能,上海主板
600027,华电国际,上海主板
600028,中国石化,上海主板
600029,南方航空,上海主板
600030,中信证券,上海主板
600031,三一重工,上海主板
600036,招商银行,上海主板
600039,四川路桥,上海主板
600048,保利发展,上海主板
600050,中国联通,上海主板
600104,上汽集团,上海主板
600109,国金证券,上海主板
600111,北方稀土,上海主板
600196,复星医药,上海主板
600219,南山铝业,上海主板
600256,广汇能源,上海主板
600276,恒瑞医药,上海主板
600309,万华化学,上海主板
600332,白云山,上海主板
600346,恒力石化,上海主板
600362,江西铜业,上海主板
600489,中金黄金,上海主板
600519,贵州茅台,上海主板
600522,中天科技,上海主板
600547,山东黄金,上海主板
600570,恒生电子,上海主板
600580,卧龙电驱,上海主板
600584,长电科技,上海主板
600585,海螺水泥,上海主板
600588,用友网络,上海主板
600592,上海贝岭,上海主板
600600,青岛啤酒,上海主板
600606,绿地控股,上海主板
600637,广电电气,上海主板
600690,海尔智家,上海主板
600745,闻泰科技,上海主板
600750,江中药业,上海主板
600776,东方通信,上海主板
600783,鲁信创投,上海主板
600797,浙大网新,上海主板
600809,山西汾酒,上海主板
600837,海通证券,上海主板
600859,王府井,上海主板
600863,三德科技,上海主板
600875,东方电气,上海主板
600887,伊利股份,上海主板
600893,航发动力,上海主板
600900,长江电力,上海主板
600905,三峡能源,上海主板
600909,华安证券,上海主板
600926,杭州银行,上海主板
600958,东方证券,上海主板
600989,宝丰能源,上海主板
600998,洛阳钼业,上海主板
600999,招商证券,上海主板
688001,华兴源创,上海科创板
688002,睿创微纳,上海科创板
688003,天准科技,上海科创板
688005,容百科技,上海科创板
688006,杭可科技,上海科创板
688007,中微公司,上海科创板
688008,澜起科技,上海科创板
688009,中国通号,上海科创板
688010,宝丰能源,上海科创板
688011,新光光电,上海科创板
688012,中微公司,上海科创板
688015,交控科技,上海科创板
688016,心脉医疗,上海科创板
688017,绿的谐波,上海科创板
688018,乐鑫科技,上海科创板
688019,安集科技,上海科创板
688020,方邦股份,上海科创板
688021,卓易信息,上海科创板
688022,瀚川股份,上海科创板
688023,安恒信息,上海科创板
688025,微创网络,上海科创板
688026,洁特生物,上海科创板
688027,国科离子,上海科创板
688028,格科微,上海科创板
688029,南微医学,上海科创板
688030,山石网科,上海科创板
688031,致远互联,上海科创板
688032,柏楚电子,上海科创板
688033,海尔生物,上海科创板
688035,德马科技,上海科创板
688036,传音控股,上海科创板
688037,芯源微,上海科创板
688038,中科通达,上海科创板
688039,当虹科技,上海科创板
688040,光云科技,上海科创板
688041,海光信息,上海科创板
688042,凯赛生物,上海科创板
688043,映翰通,上海科创板
688045,利元亨,上海科创板
688046,药康生物,上海科创板
688047,龙腾股份,上海科创板
688048,长阳科技,上海科创板
688049,旭升集团,上海科创板
688050,爱博医疗,上海科创板
688051,佳华科技,上海科创板
688052,科前生物,上海科创板
688053,华润微,上海科创板
688055,龙腾股份,上海科创板
688056,莱伯仪器,上海科创板
688057,金达莱,上海科创板
688058,宝明科技,上海科创板
688059,华锐精密,上海科创板
688060,合肥百货,上海科创板
688061,威高股份,上海科创板
688062,福昕软件,上海科创板
688063,澜起科技,上海科创板
688065,凯盛新材,上海科创板
688066,航天宏图,上海科创板
688067,爱科科技,上海科创板
688068,热景生物,上海科创板
688069,德石股份,上海科创板
688070,埃夫特,上海科创板
688071,华大智造,上海科创板
688072,中复联众,上海科创板
688073,君实生物,上海科创板
688075,安恒信息,上海科创板
688076,诺泰生物,上海科创板
688077,大地熊,上海科创板
688078,沃尔德,上海科创板
688079,美迪西,上海科创板
688080,映翰通,上海科创板
688081,科德数控,上海科创板
688082,奥普特,上海科创板
688083,中望软件,上海科创板
688084,美迪西,上海科创板
688085,三友医疗,上海科创板
688086,紫晶存储,上海科创板
688087,英科再生,上海科创板
688088,虹软科技,上海科创板
688089,嘉必优,上海科创板
688090,瑞华泰,上海科创板
688091,康众医疗,上海科创板
688092,爱博医疗,上海科创板
688093,世华科技,上海科创板
688094,优彩资源,上海科创板
688095,福立旺,上海科创板
688096,正弦电气,上海科创板
688097,博众精工,上海科创板
688098,申联生物,上海科创板
688099,百克生物,上海科创板
688100,威胜信息,上海科创板
688101,三旺通信,上海科创板
688102,斯瑞新材,上海科创板
688103,正元智慧,上海科创板
688105,唯赛勃,上海科创板
688106,金宏气体,上海科创板
688107,安路科技,上海科创板
688108,赛诺医疗,上海科创板
688109,品高股份,上海科创板
688110,东芯股份,上海科创板
688111,金山办公,上海科创板
688112,澳华内镜,上海科创板
688113,联测科技,上海科创板
688115,海力威,上海科创板
688116,天奈科技,上海科创板
688117,圣诺生物,上海科创板
688118,普元信息,上海科创板
688119,中复神鹰,上海科创板
688120,伟测科技,上海科创板
688121,峰岹科技,上海科创板
688122,西部超导,上海科创板
688123,聚辰股份,上海科创板
688125,安乃达,上海科创板
688126,沪硅产业,上海科创板
688127,兰剑智能,上海科创板
688128,中国电研,上海科创板
688129,东威科技,上海科创板
688130,芯碁微装,上海科创板
688131,大全能源,上海科创板
688132,博睿数据,上海科创板
688133,海维科技,上海科创板
688135,利元亨,上海科创板
688136,科兴制药,上海科创板
688137,近岸蛋白,上海科创板
688138,盛景微,上海科创板
688139,海科股份,上海科创板
688140,明冠新材,上海科创板
688141,杰华特,上海科创板
688142,泽璟制药,上海科创板
688143,长盈精密,上海科创板
688155,燃石医学,上海科创板
688156,路德环境,上海科创板
688157,龙腾股份,上海科创板
688158,英方软件,上海科创板
688159,有研粉材,上海科创板
688160,步科股份,上海科创板
688161,康威视讯,上海科创板
688162,新风光,上海科创板
688163,赛伦生物,上海科创板
688165,埃夫特,上海科创板
688166,澳华内镜,上海科创板
688167,炬光科技,上海科创板
688168,安凯微电,上海科创板
688169,石头科技,上海科创板
688170,德龙激光,上海科创板
688171,财通证券,上海科创板
688172,燕麦食品,上海科创板
688173,格灵深瞳,上海科创板
688174,绿的谐波,上海科创板
688175,亚香股份,上海科创板
688176,亚虹医药,上海科创板
688177,百克生物,上海科创板
688178,万向钱潮,上海科创板
688179,阿拉丁,上海科创板
688180,君实生物,上海科创板
688181,八亿时空,上海科创板
688182,凯赛生物,上海科创板
688183,生益电子,上海科创板
688185,康希诺,上海科创板
688186,江航装备,上海科创板
688187,时代电气,上海科创板
688188,柏楚电子,上海科创板
688189,南新制药,上海科创板
688190,云路股份,上海科创板
688191,智明达,上海科创板
688192,迪哲医药,上海科创板
688193,仁度生物,上海科创板
688195,腾景科技,上海科创板
688196,大全能源,上海科创板
688197,中科通达,上海科创板
688198,佰仁医疗,上海科创板
688199,久日新材,上海科创板
688200,华峰测控,上海科创板
688201,信安世纪,上海科创板
688202,美迪西,上海科创板
688203,海通发展,上海科创板
688205,德科立,上海科创板
688206,概伦电子,上海科创板
688207,格科微,上海科创板
688208,沃尔德,上海科创板
688209,聚杰微波,上海科创板
688210,统联精密,上海科创板
688211,新益昌,上海科创板
688212,澳华内镜,上海科创板
688213,思特威,上海科创板
688215,瑞晟微电,上海科创板
688216,湛卢科技,上海科创板
688217,中科星图,上海科创板
688218,江丰电子,上海科创板
688219,会通股份,上海科创板
688220,翰森制药,上海科创板
688221,前沿生物,上海科创板
688222,科前生物,上海科创板
688225,凯赛生物,上海科创板
688226,威腾股份,上海科创板
688227,哈铁科技,上海科创板
688228,纳微科技,上海科创板
688229,创新医疗,上海科创板
688230,科德数控,上海科创板
688231,隆达股份,上海科创板
688232,新点软件,上海科创板
688233,神工科技,上海科创板
688235,百济神州,上海科创板
688236,百克生物,上海科创板
688237,凯盛新材,上海科创板
688238,和元生物,上海科创板
688239,赛恩斯,上海科创板
688240,新锐股份,上海科创板
688241,清溢光电,上海科创板
688242,优宁维,上海科创板
688243,普源精电,上海科创板
688244,永信股份,上海科创板
688245,核达中远通,上海科创板
688246,嘉和美康,上海科创板
688247,康冠医疗,上海科创板
688248,南网能源,上海科创板
688249,艾为电子,上海科创板
688250,井松智能,上海科创板
688251,井松智能,上海科创板
688252,天德钰,上海科创板
688253,慧辰股份,上海科创板
688256,寒武纪,上海科创板
688257,新锐股份,上海科创板
688258,卓锦股份,上海科创板
688259,创耀科技,上海科创板
688260,昀冢科技,上海科创板
688261,东微半导,上海科创板
688262,国芯科技,上海科创板
688263,和元生物,上海科创板
688266,泽璟制药,上海科创板
688267,中触传媒,上海科创板
688268,华特气体,上海科创板
688269,海创药业,上海科创板
688270,致欧科技,上海科创板
688271,联影医疗,上海科创板
688272,富吉瑞,上海科创板
688273,耐科装备,上海科创板
688274,英方软件,上海科创板
688275,万润股份,上海科创板
688276,百克生物,上海科创板
688277,天德钰,上海科创板
688278,特宝生物,上海科创板
688279,峰岹科技,上海科创板
688280,精进微电,上海科创板
688281,江禾芯片,上海科创板
688282,亚虹医药,上海科创板
688283,荣昌生物,上海科创板
688285,德力股份,上海科创板
688286,敏芯股份,上海科创板
688287,刻品信息,上海科创板
688288,金海高科,上海科创板
688289,龙芯中科,上海科创板
688290,敦煌食品,上海科创板
688291,金博股份,上海科创板
688292,中科星图,上海科创板
688293,奥浦迈生物,上海科创板
688295,中芯国际,上海科创板
688296,和元生物,上海科创板
688297,中复神鹰,上海科创板
688298,鸿泉物联,上海科创板
688299,长阳科技,上海科创板
688300,华丰股份,上海科创板
688301,炬光科技,上海科创板
688302,迈威生物,上海科创板
688303,大全能源,上海科创板
688305,科德数控,上海科创板
688306,均普智能,上海科创板
688307,中润光学,上海科创板
688308,江波龙,上海科创板
688309,宏达电子,上海科创板
688310,迈威生物,上海科创板
688311,冠龙股份,上海科创板
688312,燕麦食品,上海科创板
688313,佳缘科技,上海科创板
688314,康桥科技,上海科创板
688315,福立旺,上海科创板
688316,青达环保,上海科创板
688317,之江生物,上海科创板
688318,财通证券,上海科创板
688319,天能股份,上海科创板
688320,德玉股份,上海科创板
688321,微芯生物,上海科创板
688322,奥比中光,上海科创板
688323,瑞博生物,上海科创板
688324,青云科技,上海科创板
688325,赛恩斯,上海科创板
688326,经纬恒润,上海科创板
688327,科拜股份,上海科创板
688328,深科达,上海科创板
688329,艾森股份,上海科创板
688330,宏力达,上海科创板
688331,荣耀终端,上海科创板
688332,中触传媒,上海科创板
688333,铭科精技,上海科创板
688334,西蒙电气,上海科创板
688335,复洁环保,上海科创板
688336,三生医疗,上海科创板
688337,普源精电,上海科创板
688338,赛科医疗,上海科创板
688339,智明达,上海科创板
688340,华丰股份,上海科创板
688341,恒烁股份,上海科创板
688342,云路股份,上海科创板
688343,德龙激光,上海科创板
688345,博力股份,上海科创板
688346,研奥股份,上海科创板
688347,华锐精密,上海科创板
688348,云凯科技,上海科创板
688349,时代电气,上海科创板
688350,华丰股份,上海科创板
688351,微电股份,上海科创板
688352,颀中科技,上海科创板
688353,华丰股份,上海科创板
688355,明冠新材,上海科创板
688356,键凯股份,上海科创板
688357,诺泰生物,上海科创板
688358,祥生医疗,上海科创板
688359,四方光电,上海科创板
688360,德石股份,上海科创板
688361,中科通达,上海科创板
688362,皖仪股份,上海科创板
688363,华熙生物,上海科创板
688365,禾迈股份,上海科创板
688366,美埃科技,上海科创板
688367,德力股份,上海科创板
688368,晶丰明源,上海科创板
688369,致远互联,上海科创板
688370,致远互联,上海科创板
688371,菲沃泰,上海科创板
688372,麒麟软件,上海科创板
688373,麒麟软件,上海科创板
688374,益方生物,上海科创板
688375,益方生物,上海科创板
688376,美埃科技,上海科创板
688377,迪威尔,上海科创板
688378,奥比中光,上海科创板
688379,华丰股份,上海科创板
688380,中科星图,上海科创板
688381,帝奥微,上海科创板
688382,嘉华科技,上海科创板
688383,新巨丰,上海科创板
688384,中科通达,上海科创板
688385,赛恩斯,上海科创板
688386,麦澜德,上海科创板
688387,格科微,上海科创板
688388,嘉元科技,上海科创板
688389,英方软件,上海科创板
688390,固德威,上海科创板
688391,铂力特,上海科创板
688392,骏成电子,上海科创板
688393,安凯微电,上海科创板
688394,大地熊,上海科创板
688395,安必平,上海科创板
688396,华润微,上海科创板
688397,麒麟软件,上海科创板
688398,赛莱医疗,上海科创板
688399,华丰股份,上海科创板
688400,祥云医疗,上海科创板
688401,路德环境,上海科创板
688402,联影医疗,上海科创板
688403,汇成股份,上海科创板
688404,必易微,上海科创板
688405,大信汽车,上海科创板
688406,康希诺,上海科创板
688407,康希诺,上海科创板
688408,中信博,上海科创板
688409,快乐阳光,上海科创板
688410,必易微,上海科创板
688411,聚辰股份,上海科创板
688412,康拓医疗,上海科创板
688413,铭科精技,上海科创板
688414,诺泰生物,上海科创板
688415,德龙激光,上海科创板
688416,华丰股份,上海科创板
688417,天奈科技,上海科创板
688418,振华新材,上海科创板
688419,耐科装备,上海科创板
688420,美埃科技,上海科创板
688421,甬矽电子,上海科创板
688422,嫦娥生物,上海科创板
688423,云路股份,上海科创板
688424,先惠技术,上海科创板
688425,铁科轨道,上海科创板
688426,先惠技术,上海科创板
688427,格科微,上海科创板
688428,诺泰生物,上海科创板
688429,时代电气,上海科创板
688430,映翰通,上海科创板
688431,云路股份,上海科创板
688432,云路股份,上海科创板
688433,华峰股份,上海科创板
688434,百奥生物,上海科创板
688435,华丰股份,上海科创板
688436,华丰股份,上海科创板
688437,大地熊,上海科创板
688438,嘉华科技,上海科创板
688439,华峰股份,上海科创板
688440,生益电子,上海科创板
688441,瑞晟微电,上海科创板
688442,艾为电子,上海科创板
688443,华丰股份,上海科创板
688444,金科股份,上海科创板
688445,九号公司,上海科创板
688446,青达环保,上海科创板
688447,旺成股份,上海科创板
688448,立达信,上海科创板
688449,江丰电子,上海科创板
688450,光格信息,上海科创板
688451,纽威股份,上海科创板
688452,龙迅股份,上海科创板
688453,荣昌生物,上海科创板
688454,中科通达,上海科创板
688455,科前生物,上海科创板
688456,有研粉材,上海科创板
688457,龙腾股份,上海科创板
688458,美科股份,上海科创板
688459,科利股份,上海科创板
688460,先惠技术,上海科创板
688461,星环科技,上海科创板
688462,柏楚电子,上海科创板
688463,德石股份,上海科创板
688464,百济神州,上海科创板
688465,麦澜德,上海科创板
688466,金科股份,上海科创板
688467,耐科装备,上海科创板
688468,科利股份,上海科创板
688469,树根科技,上海科创板
688470,星环科技,上海科创板
688471,华丰股份,上海科创板
688472,德龙激光,上海科创板
688473,天岳先进,上海科创板
688474,晶升股份,上海科创板
688475,必易微,上海科创板
688476,华丰股份,上海科创板
688477,微导纳米,上海科创板
688478,晶升股份,上海科创板
688479,云路股份,上海科创板
688480,赛恩斯,上海科创板
688481,中科通达,上海科创板
688482,必易微,上海科创板
688483,青云科技,上海科创板
688484,南芯科技,上海科创板
688485,必易微,上海科创板
688486,有研粉材,上海科创板
688487,龙腾股份,上海科创板
688488,华丰股份,上海科创板
688489,映翰通,上海科创板
688490,盛景微,上海科创板
688491,时代股份,上海科创板
688492,山石网科,上海科创板
688493,炬光科技,上海科创板
688494,福立旺,上海科创板
688495,必易微,上海科创板
688496,清溢光电,上海科创板
688497,齐鲁银行,上海科创板
688498,源杰科技,上海科创板
688499,丰山集团,上海科创板
000001,平安银行,深圳主板
000002,万科A,深圳主板
000004,国华网安,深圳主板
000006,深振业A,深圳主板
000007,全新好,深圳主板
000008,神州高铁,深圳主板
000009,中国宝安,深圳主板
000010,美丽生态,深圳主板
000011,深物业A,深圳主板
000012,南玻A,深圳主板
000016,深康佳A,深圳主板
000017,深中华A,深圳主板
000019,深深宝A,深圳主板
000020,深华发A,深圳主板
000021,深科技,深圳主板
000022,深赤湾A,深圳主板
000023,深天地A,深圳主板
000025,特力A,深圳主板
000026,飞亚达A,深圳主板
000027,深圳能源,深圳主板
000028,国药一致,深圳主板
000029,深深房A,深圳主板
000030,富奥股份,深圳主板
000031,大悦城,深圳主板
000032,深桑达A,深圳主板
000034,神州数码,深圳主板
000035,中国天楹,深圳主板
000036,华联控股,深圳主板
000037,深南电A,深圳主板
000038,深大通,深圳主板
000039,中集集团,深圳主板
000040,东旭蓝天,深圳主板
000042,中洲控股,深圳主板
000045,深纺织A,深圳主板
000046,泛海控股,深圳主板
000048,京基智农,深圳主板
000049,德赛电池,深圳主板
000050,深天马A,深圳主板
000055,方大集团,深圳主板
000056,皇庭国际,深圳主板
000058,深赛格,深圳主板
000059,辽宁成大,深圳主板
000060,中金岭南,深圳主板
000061,农产品,深圳主板
000062,深圳华强,深圳主板
000063,中兴通讯,深圳主板
000065,北方国际,深圳主板
000066,中国长城,深圳主板
000068,华控赛格,深圳主板
000069,华侨城A,深圳主板
000070,特发信息,深圳主板
000078,海王生物,深圳主板
000088,盐田港,深圳主板
000089,深圳机场,深圳主板
000096,广聚能源,深圳主板
000099,中信海直,深圳主板
000100,TCL科技,深圳主板
000156,华数传媒,深圳主板
000157,中联重科,深圳主板
000158,常山北明,深圳主板
000159,国际实业,深圳主板
000333,美的集团,深圳主板
000338,潍柴动力,深圳主板
000400,许继电气,深圳主板
000401,冀东水泥,深圳主板
000402,金融街,深圳主板
000404,华意压缩,深圳主板
000425,徐工机械,深圳主板
000501,鄂武商A,深圳主板
000503,海虹控股,深圳主板
000506,珠海港,深圳主板
000516,国际医学,深圳主板
000517,荣安地产,深圳主板
000518,四环生物,深圳主板
000519,中兵红箭,深圳主板
000520,长航凤凰,深圳主板
000521,长虹美菱,深圳主板
000528,柳工,深圳主板
000531,穗恒运A,深圳主板
000537,广宇发展,深圳主板
000538,云南白药,深圳主板
000539,粤电力A,深圳主板
000540,中天金融,深圳主板
000541,佛山照明,深圳主板
000543,皖能电力,深圳主板
000544,中原环保,深圳主板
000545,金浦钛业,深圳主板
000546,金圆股份,深圳主板
000547,航天发展,深圳主板
000548,湖南投资,深圳主板
000550,江铃汽车,深圳主板
000551,创元科技,深圳主板
000552,靖远煤电,深圳主板
000553,安道麦A,深圳主板
000554,泰山石油,深圳主板
000555,神州信息,深圳主板
000557,西部创业,深圳主板
000558,莱茵体育,深圳主板
000559,万向钱潮,深圳主板
000560,昆百大A,深圳主板
000561,烽火电子,深圳主板
000563,陕国投A,深圳主板
000564,供销大集,深圳主板
000565,渝三峡A,深圳主板
000566,海南海药,深圳主板
000567,海德股份,深圳主板
000568,泸州老窖,深圳主板
000569,攀钢钒钛,深圳主板
000570,苏常柴A,深圳主板
000571,新大洲A,深圳主板
000572,海马汽车,深圳主板
000573,粤宏远A,深圳主板
000581,威孚高科,深圳主板
000585,东北电气,深圳主板
000586,汇源通信,深圳主板
000587,金叶集团,深圳主板
000588,粤桂股份,深圳主板
000589,黔轮胎A,深圳主板
000595,宝塔实业,深圳主板
000596,古井贡酒,深圳主板
000597,东北制药,深圳主板
000598,兴蓉环境,深圳主板
000599,青岛双星,深圳主板
000600,建投能源,深圳主板
000601,韶能股份,深圳主板
000603,盛达资源,深圳主板
000605,渤海股份,深圳主板
000606,如意集团,深圳主板
000607,华媒控股,深圳主板
000608,阳光股份,深圳主板
000610,西安旅游,深圳主板
000611,时代出版,深圳主板
000612,焦作万方,深圳主板
000613,大东海A,深圳主板
000615,湖北金环,深圳主板
000616,海航投资,深圳主板
000617,石油济柴,深圳主板
000618,吉林化工,深圳主板
000619,海螺型材,深圳主板
000620,新华联,深圳主板
000622,恒立实业,深圳主板
000623,吉林敖东,深圳主板
000625,长安汽车,深圳主板
000627,天茂集团,深圳主板
000628,高新发展,深圳主板
000629,攀钢钢钒,深圳主板
000630,铜陵有色,深圳主板
000631,兰宝信息,深圳主板
000632,三木集团,深圳主板
000635,英力特,深圳主板
000636,风华高科,深圳主板
000637,茂化实华,深圳主板
000638,万方地产,深圳主板
000639,金德发展,深圳主板
000650,仁和药业,深圳主板
000651,格力电器,深圳主板
000652,泰达股份,深圳主板
000655,金岭矿业,深圳主板
000656,金科股份,深圳主板
000657,中钨高新,深圳主板
000658,珠海中富,深圳主板
000659,珠海中富,深圳主板
000660,冠福股份,深圳主板
000661,长春高新,深圳主板
000662,天夏智慧,深圳主板
000663,永安林业,深圳主板
000665,武汉塑料,深圳主板
000666,经纬纺机,深圳主板
000667,名流置业,深圳主板
000668,荣丰控股,深圳主板
000670,盈峰环境,深圳主板
000671,阳光城,深圳主板
000672,上峰水泥,深圳主板
000673,当代东方,深圳主板
000676,智度股份,深圳主板
000677,大连友谊,深圳主板
000678,襄阳轴承,深圳主板
000680,山推股份,深圳主板
000681,视觉中国,深圳主板
000682,东方电子,深圳主板
000683,远兴能源,深圳主板
000685,中山公用,深圳主板
000686,东北证券,深圳主板
000687,华讯方舟,深圳主板
000688,国城矿业,深圳主板
000689,宏润建设,深圳主板
000690,宝新能源,深圳主板
000691,亚太实业,深圳主板
000692,惠天热电,深圳主板
000693,华泽钴镍,深圳主板
000695,滨海能源,深圳主板
000697,炼石有色,深圳主板
000698,沈阳化工,深圳主板
000699,ST步森,深圳主板
000700,模塑科技,深圳主板
000701,厦门信达,深圳主板
000702,正虹科技,深圳主板
000703,恒逸石化,深圳主板
000705,浙江震元,深圳主板
000707,恒逸石化,深圳主板
000708,大冶特钢,深圳主板
000709,河钢股份,深圳主板
000710,安彩高科,深圳主板
000711,天伦置业,深圳主板
000712,锦龙股份,深圳主板
000713,丰乐种业,深圳主板
000715,中兴商业,深圳主板
000716,黑芝麻,深圳主板
000717,韶钢松山,深圳主板
000718,苏宁环球,深圳主板
000719,中原传媒,深圳主板
000720,鲁能泰山,深圳主板
000721,西安饮食,深圳主板
000722,湖南发展,深圳主板
000723,美锦能源,深圳主板
000725,京东方A,深圳主板
000726,鲁泰A,深圳主板
000727,华东科技,深圳主板
000728,国元证券,深圳主板
000729,燕京啤酒,深圳主板
000731,四川美丰,深圳主板
000732,泰禾集团,深圳主板
000733,中国重汽,深圳主板
000735,罗牛山,深圳主板
000736,中房地产,深圳主板
000737,南风化工,深圳主板
000738,中航动控,深圳主板
000739,普洛药业,深圳主板
000748,长城信息,深圳主板
000750,国海证券,深圳主板
000751,锌业股份,深圳主板
000752,西藏发展,深圳主板
000753,漳州发展,深圳主板
000755,山西三维,深圳主板
000756,新华制药,深圳主板
000757,浩物股份,深圳主板
000758,中色股份,深圳主板
000759,中百集团,深圳主板
000760,三峡水利,深圳主板
000761,本钢板材,深圳主板
000762,西藏矿业,深圳主板
000766,通化金马,深圳主板
000767,漳泽电力,深圳主板
000768,西飞国际,深圳主板
000769,ST大集,深圳主板
000770,一汽富维,深圳主板
000771,杭汽轮,深圳主板
000776,广发证券,深圳主板
000777,中核科技,深圳主板
000778,新兴铸管,深圳主板
000779,三毛派神,深圳主板
000780,ST闰润,深圳主板
000781,宁波华翔,深圳主板
000782,美达股份,深圳主板
000783,长江证券,深圳主板
000785,居然之家,深圳主板
000786,北新建材,深圳主板
000788,北大医药,深圳主板
000789,万年青,深圳主板
000790,华神科技,深圳主板
000791,甘肃电投,深圳主板
000792,盐湖股份,深圳主板
000793,华闻集团,深圳主板
000795,英洛华,深圳主板
000796,凯撒旅游,深圳主板
000797,中国武夷,深圳主板
000798,中水渔业,深圳主板
000799,酒鬼酒,深圳主板
000800,一汽轿车,深圳主板
000801,四川九洲,深圳主板
000802,北京文化,深圳主板
000803,山高环能,深圳主板
000806,银河生物,深圳主板
000807,云铝股份,深圳主板
000809,铁岭新城,深圳主板
000810,攀钢钢钒,深圳主板
000811,烟台冰轮,深圳主板
000812,陕西金叶,深圳主板
000813,德展健康,深圳主板
000815,美利云,深圳主板
000816,江淮动力,深圳主板
000818,航锦科技,深圳主板
000819,岳阳兴长,深圳主板
000820,神雾节能,深圳主板
000821,京山轻机,深圳主板
000822,山东海化,深圳主板
000823,超声电子,深圳主板
000825,太钢不锈,深圳主板
000826,启迪环境,深圳主板
000828,东莞控股,深圳主板
000829,天音控股,深圳主板
000830,鲁西化工,深圳主板
000831,五矿稀土,深圳主板
000832,龙津药业,深圳主板
000833,粤桂股份,深圳主板
000835,长城动漫,深圳主板
000836,富通信息,深圳主板
000837,秦川机床,深圳主板
000838,财信发展,深圳主板
000839,中信国安,深圳主板
000848,承德露露,深圳主板
000849,鞍钢股份,深圳主板
000850,华茂股份,深圳主板
000851,高鸿股份,深圳主板
000852,石化机械,深圳主板
000855,欢瑞世纪,深圳主板
000856,冀东装备,深圳主板
000858,五粮液,深圳主板
000859,国风塑业,深圳主板
000860,顺鑫农业,深圳主板
000861,海印股份,深圳主板
000862,银星能源,深圳主板
000863,三湘印象,深圳主板
000868,安凯客车,深圳主板
000869,长源电力,深圳主板
000875,吉电股份,深圳主板
000876,新希望,深圳主板
000877,天山股份,深圳主板
000878,云南铜业,深圳主板
000880,潍柴重机,深圳主板
000881,大连国际,深圳主板
000882,华联股份,深圳主板
000883,湖北能源,深圳主板
000885,同力水泥,深圳主板
000886,海南高速,深圳主板
000887,中鼎股份,深圳主板
000888,峨眉山A,深圳主板
000890,法尔胜,深圳主板
000891,ST东电,深圳主板
000892,星美联合,深圳主板
000893,亚钾国际,深圳主板
000895,双汇发展,深圳主板
000896,豫能控股,深圳主板
000897,津滨发展,深圳主板
000898,鞍钢股份,深圳主板
000899,赣能股份,深圳主板
000900,现代投资,深圳主板
000901,航天科技,深圳主板
000902,新洋丰,深圳主板
000903,云内动力,深圳主板
000905,厦门港务,深圳主板
000906,浙商中拓,深圳主板
000907,天鹅股份,深圳主板
000908,景峰医药,深圳主板
000909,数源科技,深圳主板
000910,大亚圣象,深圳主板
000911,南宁糖业,深圳主板
000912,泸天化,深圳主板
000913,钱江摩托,深圳主板
000915,山大华特,深圳主板
000916,华北高速,深圳主板
000917,电广传媒,深圳主板
000918,嘉凯城,深圳主板
000919,金陵药业,深圳主板
000920,南方汇通,深圳主板
000921,ST科龙,深圳主板
000922,佳电股份,深圳主板
000923,河钢资源,深圳主板
000925,众合科技,深圳主板
000926,福星股份,深圳主板
000927,中国铁物,深圳主板
000928,中钢国际,深圳主板
000929,兰州黄河,深圳主板
000930,中粮生化,深圳主板
000931,中关村,深圳主板
000932,华菱钢铁,深圳主板
000933,神火股份,深圳主板
000935,四川双马,深圳主板
000936,华西股份,深圳主板
000937,冀中能源,深圳主板
000938,紫光股份,深圳主板
000939,凯迪生态,深圳主板
000948,南天信息,深圳主板
000949,新乡化纤,深圳主板
000950,重药控股,深圳主板
000951,中国重汽,深圳主板
000952,广济药业,深圳主板
000953,河化股份,深圳主板
000957,中通客车,深圳主板
000958,东方能源,深圳主板
000959,首钢股份,深圳主板
000960,锡业股份,深圳主板
000961,中南建设,深圳主板
000962,东方钽业,深圳主板
000963,华东医药,深圳主板
000965,天保基建,深圳主板
000966,长源电力,深圳主板
000967,盈峰环境,深圳主板
000968,煤气化,深圳主板
000969,安泰科技,深圳主板
000970,中科三环,深圳主板
000971,高升控股,深圳主板
000972,ST中基,深圳主板
000973,佛塑科技,深圳主板
000975,科学城,深圳主板
000976,华铁股份,深圳主板
000977,浪潮信息,深圳主板
000978,桂林旅游,深圳主板
000979,中弘股份,深圳主板
000980,众泰汽车,深圳主板
000981,银亿股份,深圳主板
000982,中银绒业,深圳主板
000983,西山煤电,深圳主板
000987,越秀金控,深圳主板
000988,华工科技,深圳主板
000989,九芝堂,深圳主板
000990,诚志股份,深圳主板
000991,大连圣亚,深圳主板
000992,东方日升,深圳主板
000993,闽东电力,深圳主板
000995,皇台酒业,深圳主板
000996,中国中期,深圳主板
000997,新大陆,深圳主板
000998,隆平高科,深圳主板
000999,华润三九,深圳主板
002008,大族激光,深圳主板
002063,远光软件,深圳主板
002065,东华软件,深圳主板
002153,石基信息,深圳主板
002230,科大讯飞,深圳主板
002236,大华股份,深圳主板
002241,歌尔股份,深圳主板
002312,三泰控股,深圳主板
002315,焦点科技,深圳主板
002316,亚联发展,深圳主板
002324,中科金财,深圳主板
002352,顺丰控股,深圳主板
002354,天神娱乐,深圳主板
002357,富春环保,深圳主板
002362,汉王科技,深圳主板
002368,太极股份,深圳主板
002373,千方科技,深圳主板
002375,亚厦股份,深圳主板
002376,新北洋,深圳主板
002377,古鳌科技,深圳主板
002378,章源钨业,深圳主板
002379,宏创控股,深圳主板
002380,科远智慧,深圳主板
002381,双箭股份,深圳主板
002382,蓝帆医疗,深圳主板
002383,合众思壮,深圳主板
002384,东山精密,深圳主板
002385,大北农,深圳主板
002386,天原集团,深圳主板
002387,维信诺,深圳主板
002388,新亚制程,深圳主板
002389,南洋科技,深圳主板
002390,信邦制药,深圳主板
002391,长青股份,深圳主板
002392,北京利尔,深圳主板
002393,力生制药,深圳主板
002394,联发股份,深圳主板
002395,双象股份,深圳主板
002396,星网锐捷,深圳主板
002397,梦洁股份,深圳主板
002398,垒知集团,深圳主板
002399,海普瑞,深圳主板
002400,省广集团,深圳主板
002401,中远海科,深圳主板
002402,和而泰,深圳主板
002403,悦达投资,深圳主板
002404,嘉欣丝绸,深圳主板
002405,四维图新,深圳主板
002406,远东传动,深圳主板
002407,多氟多,深圳主板
002408,齐翔腾达,深圳主板
002409,雅克科技,深圳主板
002410,广联达,深圳主板
002411,延安必康,深圳主板
002412,汉森制药,深圳主板
002413,南兴股份,深圳主板
002414,高德红外,深圳主板
002415,海康威视,深圳主板
002416,爱施德,深圳主板
002417,万里扬,深圳主板
002418,康得新,深圳主板
002419,天虹股份,深圳主板
002420,毅昌股份,深圳主板
002421,达实智能,深圳主板
002422,科伦药业,深圳主板
002423,中粮糖业,深圳主板
002424,贵州百灵,深圳主板
002426,胜利精密,深圳主板
002427,尤夫股份,深圳主板
002428,云南锗业,深圳主板
002429,兆驰股份,深圳主板
002430,杭氧股份,深圳主板
002431,棕榈股份,深圳主板
002432,九安医疗,深圳主板
002433,太安堂,深圳主板
002434,万里扬,深圳主板
002435,长江健康,深圳主板
002436,兴森科技,深圳主板
002437,誉衡药业,深圳主板
002438,神州长城,深圳主板
002439,启明星辰,深圳主板
002440,闰土股份,深圳主板
002442,龙星化工,深圳主板
002443,中恒集团,深圳主板
002444,巨星科技,深圳主板
002445,中南重工,深圳主板
002446,盛路通信,深圳主板
002447,壹桥海参,深圳主板
002448,中原内配,深圳主板
002449,国星光电,深圳主板
002450,康得新,深圳主板
002451,摩恩电气,深圳主板
002452,长高集团,深圳主板
002453,华软科技,深圳主板
002454,松芝股份,深圳主板
002455,百川股份,深圳主板
002456,欧菲光,深圳主板
002457,青龙管业,深圳主板
002458,益生股份,深圳主板
002459,晶澳科技,深圳主板
002460,赣锋锂业,深圳主板
002461,珠江啤酒,深圳主板
002462,嘉事堂,深圳主板
002463,沪电股份,深圳主板
002464,金利科技,深圳主板
002465,海默科技,深圳主板
002466,天齐锂业,深圳主板
002467,二六三,深圳主板
002468,申通快递,深圳主板
002469,三维工程,深圳主板
002470,金正大,深圳主板
002471,中超控股,深圳主板
002472,双环传动,深圳主板
002473,圣莱达,深圳主板
002474,榕基软件,深圳主板
002475,立讯精密,深圳主板
002476,宝莫股份,深圳主板
002477,雏鹰农牧,深圳主板
002478,常宝股份,深圳主板
002479,富春环保,深圳主板
002480,新海宜,深圳主板
002481,双塔食品,深圳主板
002482,广田集团,深圳主板
002483,润邦股份,深圳主板
002484,江海股份,深圳主板
002485,希努尔,深圳主板
002486,嘉麟杰,深圳主板
002487,大康农业,深圳主板
002488,金固股份,深圳主板
002489,浙江永强,深圳主板
002490,山东墨龙,深圳主板
002491,通鼎互联,深圳主板
002492,恒基达鑫,深圳主板
002493,荣盛石化,深圳主板
002494,华斯股份,深圳主板
002495,佳隆股份,深圳主板
002496,辉丰股份,深圳主板
002497,雅化集团,深圳主板
002498,汉缆股份,深圳主板
002499,科林环保,深圳主板
002500,山西证券,深圳主板
002501,利源精制,深圳主板
002502,骅威文化,深圳主板
002503,搜于特,深圳主板
002504,弘高创意,深圳主板
002505,大康农业,深圳主板
002506,协鑫集成,深圳主板
002507,涪陵榨菜,深圳主板
002508,老板电器,深圳主板
002509,天广中茂,深圳主板
002510,天汽模,深圳主板
002511,中顺洁柔,深圳主板
002512,达华智能,深圳主板
002513,蓝思科技,深圳主板
002514,宝馨科技,深圳主板
002515,金字火腿,深圳主板
002516,旷达科技,深圳主板
002517,恺英网络,深圳主板
002518,科士达,深圳主板
002519,银河电子,深圳主板
002520,日发精机,深圳主板
002521,齐峰新材,深圳主板
002522,浙江众成,深圳主板
002523,天桥起重,深圳主板
002524,光正集团,深圳主板
002525,上海亚虹,深圳主板
002526,山东矿机,深圳主板
002527,新时达,深圳主板
002528,英飞拓,深圳主板
002529,海源复材,深圳主板
002530,金财互联,深圳主板
002531,天顺风能,深圳主板
002532,新界泵业,深圳主板
002533,金杯电工,深圳主板
002534,杭锅股份,深圳主板
002535,林州重机,深圳主板
002536,飞龙股份,深圳主板
002537,海立美达,深圳主板
002538,司尔特,深圳主板
002539,云图控股,深圳主板
002540,亚太科技,深圳主板
002541,黄山旅游,深圳主板
002542,中化岩土,深圳主板
002543,万邦德,深圳主板
002544,杰赛科技,深圳主板
002545,东方铁塔,深圳主板
002546,新联电子,深圳主板
002547,春兴精工,深圳主板
002548,金新农,深圳主板
002549,凯美特气,深圳主板
002550,千红制药,深圳主板
002551,尚荣医疗,深圳主板
002552,宝鼎科技,深圳主板
002553,南方轴承,深圳主板
002554,惠博普,深圳主板
002555,三七互娱,深圳主板
002556,辉隆股份,深圳主板
002557,洽洽食品,深圳主板
002558,巨人网络,深圳主板
002559,神州信息,深圳主板
002560,通达股份,深圳主板
002561,徐工机械,深圳主板
002562,兔宝宝,深圳主板
002563,森马服饰,深圳主板
002564,天沃科技,深圳主板
002565,顺灏股份,深圳主板
002566,益盛药业,深圳主板
002567,唐人神,深圳主板
002568,百润股份,深圳主板
002569,华斯股份,深圳主板
002570,贝因美,深圳主板
002571,德力股份,深圳主板
002572,索菲亚,深圳主板
002573,清新环境,深圳主板
002574,明牌珠宝,深圳主板
002575,群兴玩具,深圳主板
002576,通达动力,深圳主板
002577,雷柏科技,深圳主板
002578,闽发铝业,深圳主板
002579,中京电子,深圳主板
002580,圣阳股份,深圳主板
002581,未名医药,深圳主板
002582,好想你,深圳主板
002583,海能达,深圳主板
002584,西泵股份,深圳主板
002585,双星新材,深圳主板
002586,围海股份,深圳主板
002587,奥拓电子,深圳主板
002588,史丹利,深圳主板
002589,瑞康医药,深圳主板
002590,万安科技,深圳主板
002591,恒大高新,深圳主板
002592,八菱科技,深圳主板
002593,日上集团,深圳主板
002594,比亚迪,深圳主板
002595,豪迈科技,深圳主板
002596,海南瑞泽,深圳主板
002597,金禾实业,深圳主板
002598,山东章鼓,深圳主板
002599,盛通股份,深圳主板
002600,领益智造,深圳主板
002601,龙蟒佰利,深圳主板
002602,世纪华通,深圳主板
002603,以岭药业,深圳主板
002604,龙力生物,深圳主板
002605,姚记科技,深圳主板
002606,大连电瓷,深圳主板
002607,中公教育,深圳主板
002608,江苏有线,深圳主板
002609,捷顺科技,深圳主板
002610,爱康科技,深圳主板
002611,东方精工,深圳主板
002612,朗姿股份,深圳主板
002613,北玻股份,深圳主板
002614,奥佳华,深圳主板
002615,哈尔滨银行,深圳主板
002616,长青集团,深圳主板
002617,元利科技,深圳主板
002618,雪迪龙,深圳主板
002619,艾格拉斯,深圳主板
002620,瑞和股份,深圳主板
002621,美吉姆,深圳主板
002622,恩华药业,深圳主板
002623,亚玛顿,深圳主板
002624,完美世界,深圳主板
002625,光启技术,深圳主板
002627,宜昌交运,深圳主板
002628,成都路桥,深圳主板
002629,仁智股份,深圳主板
002630,华西能源,深圳主板
002631,德尔未来,深圳主板
002632,道明光学,深圳主板
002633,申科股份,深圳主板
002634,王子新材,深圳主板
002635,安洁科技,深圳主板
002636,金诚信,深圳主板
002637,赞宇科技,深圳主板
002638,勤上股份,深圳主板
002639,雪人股份,深圳主板
002640,跨境通,深圳主板
002641,永高股份,深圳主板
002642,荣联科技,深圳主板
002643,万润股份,深圳主板
002644,佛慈制药,深圳主板
002645,华宏科技,深圳主板
002646,青青稞酒,深圳主板
002647,仁和药业,深圳主板
002648,卫星石化,深圳主板
002649,博彦科技,深圳主板
002650,加加食品,深圳主板
002651,利君股份,深圳主板
002652,扬子新材,深圳主板
002653,海思科,深圳主板
002654,万润科技,深圳主板
002655,共达电声,深圳主板
002656,摩登大道,深圳主板
002657,中科金财,深圳主板
002658,雪迪龙,深圳主板
002659,凯文教育,深圳主板
002660,大连圣亚,深圳主板
002661,克明面业,深圳主板
002662,京威股份,深圳主板
002663,普邦股份,深圳主板
002664,长鹰信质,深圳主板
002665,首航高科,深圳主板
002666,中国武夷,深圳主板
002667,鞍重股份,深圳主板
002668,奥马电器,深圳主板
002669,康达新材,深圳主板
002670,国盛金控,深圳主板
002671,龙泉股份,深圳主板
002672,东江环保,深圳主板
002673,西部证券,深圳主板
002674,兴业科技,深圳主板
002675,东诚药业,深圳主板
002676,顺威股份,深圳主板
002677,浙江美大,深圳主板
002678,珠江钢琴,深圳主板
002679,福建金森,深圳主板
002680,长生生物,深圳主板
002681,奋达科技,深圳主板
002682,龙洲股份,深圳主板
002683,宏大爆破,深圳主板
002684,中超控股,深圳主板
002685,华东重机,深圳主板
002686,亿利达,深圳主板
002687,乔治白,深圳主板
002688,金河生物,深圳主板
002689,远大智能,深圳主板
002690,美尚生态,深圳主板
002691,冀凯股份,深圳主板
002692,远程股份,深圳主板
002693,双成药业,深圳主板
002694,顾地科技,深圳主板
002695,煌上煌,深圳主板
002696,百洋股份,深圳主板
002697,红旗连锁,深圳主板
002698,博实股份,深圳主板
002699,美盛文化,深圳主板
002700,奥瑞金,深圳主板
002701,奥瑞金,深圳主板
002702,海欣食品,深圳主板
002703,浙江世宝,深圳主板
002704,众生药业,深圳主板
002705,新宝股份,深圳主板
002706,良信电器,深圳主板
002707,众信旅游,深圳主板
002708,光洋股份,深圳主板
002709,天赐材料,深圳主板
002710,百合花,深圳主板
002711,欧比特,深圳主板
002712,思美传媒,深圳主板
002713,东江环保,深圳主板
002714,牧原股份,深圳主板
002715,登云股份,深圳主板
002716,金太阳,深圳主板
002717,岭南股份,深圳主板
002718,巨人网络,深圳主板
002719,元成股份,深圳主板
002720,昆明制药,深圳主板
002721,居然之家,深圳主板
002722,金轮股份,深圳主板
002723,金莱特,深圳主板
002724,海洋王,深圳主板
002725,跃岭股份,深圳主板
002726,龙元建设,深圳主板
002727,一心堂,深圳主板
002728,特一药业,深圳主板
002729,好利来,深圳主板
002730,电光科技,深圳主板
002731,锌业股份,深圳主板
002732,燕塘乳业,深圳主板
002733,欢瑞世纪,深圳主板
002734,利民股份,深圳主板
002735,王子新材,深圳主板
002736,国信证券,深圳主板
002737,葵花药业,深圳主板
002738,中矿资源,深圳主板
002739,万达电影,深圳主板
002740,爱迪尔,深圳主板
002741,光华科技,深圳主板
002742,三圣股份,深圳主板
002743,煌上煌,深圳主板
002744,力盛赛车,深圳主板
002745,木林森,深圳主板
002746,仙坛股份,深圳主板
002747,埃斯顿,深圳主板
002748,毅昌股份,深圳主板
002749,国光电器,深圳主板
002750,龙津药业,深圳主板
002751,易尚展示,深圳主板
002752,昇兴股份,深圳主板
002753,永东股份,深圳主板
002754,盘龙药业,深圳主板
002755,东方新星,深圳主板
002756,永兴材料,深圳主板
002757,南兴股份,深圳主板
002758,华通热力,深圳主板
002759,天际股份,深圳主板
002760,凤形股份,深圳主板
002761,多喜爱,深圳主板
002762,金发拉比,深圳主板
002763,大华股份,深圳主板
002764,恒通股份,深圳主板
002765,蓝黛传动,深圳主板
002766,索菱股份,深圳主板
002767,先锋新材,深圳主板
002768,国光电器,深圳主板
002769,国恩股份,深圳主板
002770,科沃斯,深圳主板
002771,真视通,深圳主板
002772,众兴菌业,深圳主板
002773,康弘药业,深圳主板
002774,国检集团,深圳主板
002775,科达利,深圳主板
002776,柏堡龙,深圳主板
002777,久远银海,深圳主板
002778,高科石化,深圳主板
002779,中坚科技,深圳主板
002780,贝因美,深圳主板
002781,奇特恩,深圳主板
002782,可立克,深圳主板
002783,凯龙股份,深圳主板
002785,居然之家,深圳主板
002786,银宝山新,深圳主板
002787,华源控股,深圳主板
002788,华燕科技,深圳主板
002789,建艺集团,深圳主板
002790,瑞尔特,深圳主板
002791,立昂微,深圳主板
002792,通宇通讯,深圳主板
002793,罗欣药业,深圳主板
002794,凯撒文化,深圳主板
002795,坚朗五金,深圳主板
002796,世嘉科技,深圳主板
002797,第一创业,深圳主板
002798,帝欧家居,深圳主板
002799,万达,深圳主板
002800,阳谷华泰,深圳主板
002801,微光股份,深圳主板
002802,洪凯,深圳主板
002803,吉宏股份,深圳主板
002805,科沃斯,深圳主板
002806,华峰超纤,深圳主板
002807,江化微,深圳主板
002808,恒久科技,深圳主板
002809,红墙股份,深圳主板
002810,山东出版,深圳主板
002811,不仅智,深圳主板
002812,恩捷股份,深圳主板
002813,路通,深圳主板
002814,中广核,深圳主板
002815,崇达技术,深圳主板
002816,和科达,深圳主板
002817,黄山胶囊,深圳主板
002818,富森美,深圳主板
002819,岳阳兴长,深圳主板
002820,桂发祥,深圳主板
002821,凯伦股份,深圳主板
002822,中宠股份,深圳主板
002823,凯中精密,深圳主板
002824,和胜股份,深圳主板
002825,纳尔股份,深圳主板
002826,易尚展示,深圳主板
002827,科沃斯,深圳主板
002828,贝肯能源,深圳主板
002829,星网宇达,深圳主板
002830,名雕股份,深圳主板
002831,民德电子,深圳主板
002832,比音勒芬,深圳主板
002833,弘亚数控,深圳主板
002834,西菱动力,深圳主板
002835,同兴达,深圳主板
002836,英博尔,深圳主板
002837,英维克,深圳主板
002838,道恩股份,深圳主板
002839,张家港行,深圳主板
002840,力盛赛车,深圳主板
002841,凯伦股份,深圳主板
002842,中大力德,深圳主板
002843,泰永长征,深圳主板
002844,中公教育,深圳主板
002845,同和药业,深圳主板
002846,联诚精密,深圳主板
002847,盐津铺子,深圳主板
002848,高测股份,深圳主板
002849,威唐工业,深圳主板
002850,科沃斯,深圳主板
002851,卫士通,深圳主板
002852,道道全,深圳主板
002853,皮阿诺,深圳主板
002854,捷荣技术,深圳主板
002855,捷捷微电,深圳主板
002856,美芝股份,深圳主板
002857,三孚股份,深圳主板
002858,力盛赛车,深圳主板
002859,江化微,深圳主板
002860,德生科技,深圳主板
002861,煌上煌,深圳主板
002862,宏达电子,深圳主板
002863,今飞凯达,深圳主板
002864,佩蒂股份,深圳主板
002865,钧达股份,深圳主板
002866,凯盛科技,深圳主板
002867,周大生,深圳主板
002868,绿康生化,深圳主板
002869,金溢科技,深圳主板
002870,香山股份,深圳主板
002871,密尔克卫,深圳主板
002872,德赛西威,深圳主板
002873,梅轮电梯,深圳主板
002874,安德利,深圳主板
002875,昂利康,深圳主板
002876,三丰智能,深圳主板
002877,文灿股份,深圳主板
002878,科达利,深圳主板
002879,长缆电工,深圳主板
002880,卫光生物,深圳主板
002881,美格智能,深圳主板
002882,金龙羽,深圳主板
002883,中京电子,深圳主板
002884,伊戈尔,深圳主板
002885,京华激光,深圳主板
002886,华体科技,深圳主板
002887,绿茵生态,深圳主板
002888,惠威科技,深圳主板
002889,东方嘉盛,深圳主板
002890,熊猫乳品,深圳主板
002891,中宠股份,深圳主板
002892,科博达,深圳主板
002893,华联股份,深圳主板
002894,东诚药业,深圳主板
002895,越声资讯,深圳主板
002896,中大力德,深圳主板
002897,意华股份,深圳主板
002898,赛隆药业,深圳主板
002899,数字政通,深圳主板
002900,海能达,深圳主板
002901,大博医疗,深圳主板
002902,铭普光磁,深圳主板
002903,宇环数控,深圳主板
002904,沐邦高科,深圳主板
002905,金逸影视,深圳主板
002906,华阳集团,深圳主板
002907,华森制药,深圳主板
002908,德生科技,深圳主板
002909,集泰股份,深圳主板
002910,润贝股份,深圳主板
002911,佛燃能源,深圳主板
002912,中新赛克,深圳主板
002913,欧陆通,深圳主板
002914,奥海科技,深圳主板
002915,中石科技,深圳主板
002916,深南电路A,深圳主板
002917,金奥博,深圳主板
002918,蒙娜丽莎,深圳主板
002919,滕达建设,深圳主板
002920,德赛西威,深圳主板
002921,爱博医疗,深圳主板
002922,伊戈尔,深圳主板
002923,润达医疗,深圳主板
002924,浙江美大,深圳主板
002925,盈趣科技,深圳主板
002926,华西证券,深圳主板
002927,泰永长征,深圳主板
002928,鸿合科技,深圳主板
002929,润建股份,深圳主板
002930,宏川智慧,深圳主板
002931,锋尚文化,深圳主板
002932,明德生物,深圳主板
002933,元成股份,深圳主板
002934,中公教育,深圳主板
002935,博杰股份,深圳主板
002936,河钢资源,深圳主板
002937,兴瑞科技,深圳主板
002938,鹏鹞环保,深圳主板
002939,新疆交建,深圳主板
002940,昀冢科技,深圳主板
002941,新华联,深圳主板
002942,新农股份,深圳主板
002943,宇晶股份,深圳主板
002944,同和药业,深圳主板
002945,华林证券,深圳主板
002946,新乳业,深圳主板
002947,恒通股份,深圳主板
002948,青农商行,深圳主板
002949,昂利康,深圳主板
002950,福然达,深圳主板
002951,金时科技,深圳主板
002952,亚世光电,深圳主板
002953,日科化学,深圳主板
002954,杭园股份,深圳主板
002955,鸿合科技,深圳主板
002956,西麦食品,深圳主板
002957,科博达,深圳主板
002958,青鸟消防,深圳主板
002959,小熊电器,深圳主板
002960,鸿合科技,深圳主板
002961,芯海科技,深圳主板
002962,五方光电,深圳主板
002963,豪美新材,深圳主板
002964,新大正A,深圳主板
002965,祥鑫科技,深圳主板
002966,苏州银行,深圳主板
002967,广电计量,深圳主板
002968,新大洲A,深圳主板
002969,嘉美包装,深圳主板
002970,锐明技术,深圳主板
002971,和科达,深圳主板
002972,中科星图,深圳主板
002973,侨银股份,深圳主板
002974,晨光新材,深圳主板
002975,博杰股份,深圳主板
002976,瑞玛工业,深圳主板
002977,天地在线,深圳主板
002978,南华期货,深圳主板
002979,雷赛智能,深圳主板
002980,华昌化工,深圳主板
002981,朝阳科技,深圳主板
002982,湘佳股份,深圳主板
002983,芯瑞达,深圳主板
002984,森麒麟,深圳主板
002985,北化股份,深圳主板
002986,宇新股份,深圳主板
002987,京北方,深圳主板
002988,豪美新材,深圳主板
002989,中天精装,深圳主板
002990,盛视科技,深圳主板
002991,甘源食品,深圳主板
002992,宝明科技,深圳主板
002993,天迈科技,深圳主板
002994,朝阳科技,深圳主板
002995,天顺股份,深圳主板
002996,圣湘生物,深圳主板
002997,丽人丽妆,深圳主板
002998,宁波银行,深圳主板
002999,瑞芯微,深圳主板
300001,特锐德,深圳创业板
300002,神州泰岳,深圳创业板
300003,乐普医疗,深圳创业板
300004,南风股份,深圳创业板
300005,探路者,深圳创业板
300006,莱美药业,深圳创业板
300007,汉威科技,深圳创业板
300008,天海防务,深圳创业板
300009,安科生物,深圳创业板
300010,立思辰,深圳创业板
300011,鼎汉技术,深圳创业板
300012,华测检测,深圳创业板
300013,新宁物流,深圳创业板
300014,亿纬锂能,深圳创业板
300015,爱尔眼科,深圳创业板
300017,网宿科技,深圳创业板
300018,中元股份,深圳创业板
300019,硅宝科技,深圳创业板
300020,银江股份,深圳创业板
300021,大禹节水,深圳创业板
300022,吉峰科技,深圳创业板
300024,机器人,深圳创业板
300025,华星创业,深圳创业板
300026,红日药业,深圳创业板
300027,华谊兄弟,深圳创业板
300029,天龙光电,深圳创业板
300030,阳普医疗,深圳创业板
300031,宝通科技,深圳创业板
300032,金龙机电,深圳创业板
300033,同花顺,深圳创业板
300034,钢研高纳,深圳创业板
300035,中科电气,深圳创业板
300036,超图软件,深圳创业板
300037,新宙邦,深圳创业板
300039,上海凯宝,深圳创业板
300040,九洲电气,深圳创业板
300041,回天新材,深圳创业板
300042,朗科科技,深圳创业板
300043,互动娱乐,深圳创业板
300044,ST赛为,深圳创业板
300045,华力创通,深圳创业板
300046,台基股份,深圳创业板
300047,天源迪科,深圳创业板
300048,合康变频,深圳创业板
300049,福瑞股份,深圳创业板
300050,世纪鼎利,深圳创业板
300051,三五互联,深圳创业板
300052,中青宝,深圳创业板
300053,欧比特,深圳创业板
300054,鼎龙股份,深圳创业板
300055,万邦达,深圳创业板
300056,三维丝,深圳创业板
300057,万顺股份,深圳创业板
300058,蓝色光标,深圳创业板
300059,东方财富,深圳创业板
300060,光启技术,深圳创业板
300062,中能电气,深圳创业板
300063,天龙集团,深圳创业板
300064,豫金刚石,深圳创业板
300065,海兰信,深圳创业板
300066,三川智慧,深圳创业板
300067,安诺其,深圳创业板
300068,南都电源,深圳创业板
300069,金利华电,深圳创业板
300070,碧水源,深圳创业板
300072,三聚环保,深圳创业板
300073,当升科技,深圳创业板
300074,华平股份,深圳创业板
300075,数字政通,深圳创业板
300076,GQY视讯,深圳创业板
300077,国民技术,深圳创业板
300078,思创医惠,深圳创业板
300079,数码视讯,深圳创业板
300080,易成新能,深圳创业板
300081,恒信移动,深圳创业板
300082,奥克股份,深圳创业板
300083,劲胜股份,深圳创业板
300084,海默科技,深圳创业板
300085,银之杰,深圳创业板
300086,康芝药业,深圳创业板
300087,荃银高科,深圳创业板
300088,长信科技,深圳创业板
300089,文化长城,深圳创业板
300090,盛运环保,深圳创业板
300091,金通灵,深圳创业板
300092,科新机电,深圳创业板
300093,金刚玻璃,深圳创业板
300094,国联水务,深圳创业板
300095,华伍股份,深圳创业板
300096,易联众,深圳创业板
300097,智云股份,深圳创业板
300098,高新兴,深圳创业板
300099,尤洛卡,深圳创业板
300100,双林股份,深圳创业板
300103,达刚路机,深圳创业板
300104,乐视网,深圳创业板
300105,龙源技术,深圳创业板
300106,西部牧业,深圳创业板
300107,建新股份,深圳创业板
300108,吉药控股,深圳创业板
300109,新开源,深圳创业板
300110,华仁药业,深圳创业板
300111,向日葵,深圳创业板
300112,万讯自控,深圳创业板
300113,顺网科技,深圳创业板
300114,中航电测,深圳创业板
300115,长盈精密,深圳创业板
300116,坚瑞沃能,深圳创业板
300117,嘉寓股份,深圳创业板
300118,东方日升,深圳创业板
300119,瑞普生物,深圳创业板
300120,经纬电材,深圳创业板
300121,阳谷华泰,深圳创业板
300122,智飞生物,深圳创业板
300123,亚星锚链,深圳创业板
300124,汇川技术,深圳创业板
300125,易世达,深圳创业板
300126,锐奇股份,深圳创业板
300127,银河磁体,深圳创业板
300128,锦富技术,深圳创业板
300129,泰胜风能,深圳创业板
300131,英唐智控,深圳创业板
300132,青松股份,深圳创业板
300133,华策影视,深圳创业板
300134,大富科技,深圳创业板
300135,宝利国际,深圳创业板
300136,安科瑞,深圳创业板
300137,先河环保,深圳创业板
300138,晨光生物,深圳创业板
300139,晓程科技,深圳创业板
300140,启源装备,深圳创业板
300141,和顺电气,深圳创业板
300142,沃森生物,深圳创业板
300143,星河生物,深圳创业板
300144,宋城演艺,深圳创业板
300145,中金环境,深圳创业板
300146,汤臣倍健,深圳创业板
300147,香雪制药,深圳创业板
300148,天舟文化,深圳创业板
300149,量子高科,深圳创业板
300150,世纪瑞尔,深圳创业板
300151,昌红科技,深圳创业板
300152,科融环境,深圳创业板
300153,科泰电源,深圳创业板
300155,安居宝,深圳创业板
300156,神雾环保,深圳创业板
300157,恒通光电,深圳创业板
300158,振东制药,深圳创业板
300159,新研股份,深圳创业板
300160,秀强股份,深圳创业板
300161,华中数控,深圳创业板
300162,雷曼光电,深圳创业板
300163,先锋新材,深圳创业板
300164,通源石油,深圳创业板
300165,天瑞仪器,深圳创业板
300166,东方国信,深圳创业板
300167,迪威迅,深圳创业板
300168,万达信息,深圳创业板
300169,天晟新材,深圳创业板
300170,汉得信息,深圳创业板
300171,东富龙,深圳创业板
300172,中电环保,深圳创业板
300173,智慧松德,深圳创业板
300174,元力股份,深圳创业板
300175,朗源股份,深圳创业板
300176,鸿特科技,深圳创业板
300177,中海达,深圳创业板
300178,腾邦国际,深圳创业板
300179,四方达,深圳创业板
300180,华峰超纤,深圳创业板
300182,捷成股份,深圳创业板
300183,东软载波,深圳创业板
300184,力源信息,深圳创业板
300185,通裕重工,深圳创业板
300186,大华农,深圳创业板
300187,佳士科技,深圳创业板
300188,美亚柏科,深圳创业板
300189,神农科技,深圳创业板
300190,维尔利,深圳创业板
300191,潜能恒信,深圳创业板
300192,科斯伍德,深圳创业板
300194,福安药业,深圳创业板
300195,长海股份,深圳创业板
300196,长海股份,深圳创业板
300197,铁汉生态,深圳创业板
300198,纳川股份,深圳创业板
300199,翰宇药业,深圳创业板
300200,高盟新材,深圳创业板
300201,海伦哲,深圳创业板
300202,聚龙股份,深圳创业板
300203,聚光科技,深圳创业板
300204,舒泰神,深圳创业板
300205,天喻信息,深圳创业板
300206,理邦仪器,深圳创业板
300207,欣旺达,深圳创业板
300208,恒顺众昇,深圳创业板
300209,天泽信息,深圳创业板
300210,森远股份,深圳创业板
300211,亿通科技,深圳创业板
300212,易华录,深圳创业板
300213,佳讯飞鸿,深圳创业板
300214,日科化学,深圳创业板
300215,电科院,深圳创业板
300216,千山药机,深圳创业板
300217,东方电热,深圳创业板
300218,安利股份,深圳创业板
300219,鸿特精密,深圳创业板
300220,金运激光,深圳创业板
300221,银禧科技,深圳创业板
300222,科大智能,深圳创业板
300223,北京君正,深圳创业板
300224,正海生物,深圳创业板
300225,金力泰,深圳创业板
300226,上海钢联,深圳创业板
300227,光韵达,深圳创业板
300228,富瑞特装,深圳创业板
300229,拓尔思,深圳创业板
300230,永利股份,深圳创业板
300231,银信科技,深圳创业板
300232,洲明科技,深圳创业板
300233,金城医药,深圳创业板
300234,开尔新材,深圳创业板
300235,方直科技,深圳创业板
300236,上海新阳,深圳创业板
300237,美晨生态,深圳创业板
300238,冠昊生物,深圳创业板
300239,东宝生物,深圳创业板
300240,坚瑞沃能,深圳创业板
300241,瑞丰光电,深圳创业板
300242,佳云科技,深圳创业板
300243,瑞丰高材,深圳创业板
300244,迪安诊断,深圳创业板
300245,天玑科技,深圳创业板
300246,宝莱特,深圳创业板
300247,融捷健康,深圳创业板
300248,新开普,深圳创业板
300249,依米康,深圳创业板
300250,初灵信息,深圳创业板
300251,光线传媒,深圳创业板
300252,金信诺,深圳创业板
300253,卫宁健康,深圳创业板
300254,仟源医药,深圳创业板
300255,常山药业,深圳创业板
300256,星星科技,深圳创业板
300257,开山股份,深圳创业板
300258,精锻科技,深圳创业板
300259,新天科技,深圳创业板
300260,新莱应材,深圳创业板
300261,雅本化学,深圳创业板
300262,巴安水务,深圳创业板
300263,隆华科技,深圳创业板
300264,佳创视讯,深圳创业板
300265,通光线缆,深圳创业板
300266,兴源环境,深圳创业板
300267,尔康制药,深圳创业板
300268,佳沃股份,深圳创业板
300269,联建光电,深圳创业板
300270,中威电子,深圳创业板
300271,华宇软件,深圳创业板
300272,开能健康,深圳创业板
300273,和佳股份,深圳创业板
300274,阳光电源,深圳创业板
300275,梅安森,深圳创业板
300276,三丰智能,深圳创业板
300277,海联讯,深圳创业板
300278,华昌达,深圳创业板
300279,和晶科技,深圳创业板
300280,紫天科技,深圳创业板
300281,金明精机,深圳创业板
300282,江淮汽车,深圳创业板
300283,温州宏丰,深圳创业板
300284,苏交科,深圳创业板
300285,国瓷材料,深圳创业板
300286,鸿特精密,深圳创业板
300287,飞利信,深圳创业板
300288,朗玛信息,深圳创业板
300289,利德曼,深圳创业板
300290,荣科科技,深圳创业板
300291,华录百纳,深圳创业板
300292,吴通控股,深圳创业板
300293,蓝英装备,深圳创业板
300294,博雅生物,深圳创业板
300295,三六五网,深圳创业板
300296,利亚德,深圳创业板
300297,探路者,深圳创业板
300298,三诺生物,深圳创业板
300299,富春股份,深圳创业板
300300,海峡股份,深圳创业板
300301,长方集团,深圳创业板
300302,同有科技,深圳创业板
300303,聚飞光电,深圳创业板
300304,云意电气,深圳创业板
300305,恒通科技,深圳创业板
300306,远方信息,深圳创业板
300307,慈星股份,深圳创业板
300308,中际旭创,深圳创业板
300309,吉艾科技,深圳创业板
300310,宜通世纪,深圳创业板
300311,任子行,深圳创业板
300312,邦讯技术,深圳创业板
300313,天山生物,深圳创业板
300314,戴维医疗,深圳创业板
300315,掌趣科技,深圳创业板
300316,晶盛机电,深圳创业板
300317,珈伟新能,深圳创业板
300318,博晖创新,深圳创业板
300319,麦捷科技,深圳创业板
300320,海达股份,深圳创业板
300321,同大股份,深圳创业板
300322,硕贝德,深圳创业板
300323,华灿光电,深圳创业板
300324,旋极信息,深圳创业板
300325,德威新材,深圳创业板
300326,凯利泰,深圳创业板
300327,中颖电子,深圳创业板
300328,宜安科技,深圳创业板
300329,海伦钢琴,深圳创业板
300330,华虹计通,深圳创业板
300331,苏大维格,深圳创业板
300332,天壕环境,深圳创业板
300333,兆日科技,深圳创业板
300334,津膜科技,深圳创业板
300335,迪森股份,深圳创业板
300336,新文化,深圳创业板
300337,银邦股份,深圳创业板
300338,开元股份,深圳创业板
300339,润和软件,深圳创业板
300340,科恒股份,深圳创业板
300341,麦迪电气,深圳创业板
300342,天银机电,深圳创业板
300343,联创互联,深圳创业板
300344,太空智造,深圳创业板
300345,红宇新材,深圳创业板
300346,南大光电,深圳创业板
300347,泰格医药,深圳创业板
300348,长亮科技,深圳创业板
300349,金卡智能,深圳创业板
300350,华鹏飞,深圳创业板
300351,永贵电器,深圳创业板
300352,北信源,深圳创业板
300353,东土科技,深圳创业板
300354,东华测试,深圳创业板
300355,蒙草生态,深圳创业板
300356,光一科技,深圳创业板
300357,我武生物,深圳创业板
300358,楚天科技,深圳创业板
300359,全通教育,深圳创业板
300360,炬华科技,深圳创业板
300361,东方通,深圳创业板
300362,天翔环境,深圳创业板
300363,博腾股份,深圳创业板
300364,中文在线,深圳创业板
300365,恒华科技,深圳创业板
300366,创意信息,深圳创业板
300367,东方网力,深圳创业板
300368,汇金股份,深圳创业板
300369,绿色动力,深圳创业板
300370,康斯特,深圳创业板
300371,汇中股份,深圳创业板
300372,欣泰电气,深圳创业板
300373,扬杰科技,深圳创业板
300374,中铁工业,深圳创业板
300375,燕塘乳业,深圳创业板
300376,先导智能,深圳创业板
300377,赢时胜,深圳创业板
300378,鼎捷软件,深圳创业板
300379,东方通,深圳创业板
300380,安硕信息,深圳创业板
300382,斯莱克,深圳创业板
300383,光环新网,深圳创业板
300384,三联虹普,深圳创业板
300385,雪浪环境,深圳创业板
300386,飞天诚信,深圳创业板
300387,海顺新材,深圳创业板
300388,国祯环保,深圳创业板
300389,艾比森,深圳创业板
300390,天华超净,深圳创业板
300391,康跃科技,深圳创业板
300392,腾信股份,深圳创业板
300393,中来股份,深圳创业板
300394,天孚通信,深圳创业板
300395,菲利华,深圳创业板
300396,迪瑞医疗,深圳创业板
300397,天和防务,深圳创业板
300398,飞凯材料,深圳创业板
300399,京天利,深圳创业板
300400,劲拓股份,深圳创业板
300401,花园生物,深圳创业板
300402,宝色股份,深圳创业板
300403,汉宇集团,深圳创业板
300404,博济医药,深圳创业板
300405,科隆股份,深圳创业板
300406,九强生物,深圳创业板
300407,凯发电气,深圳创业板
300408,三环集团,深圳创业板
300409,道氏技术,深圳创业板
300410,正业科技,深圳创业板
300411,金盾股份,深圳创业板
300412,迦南科技,深圳创业板
300413,芒果超媒,深圳创业板
300414,中光防雷,深圳创业板
300415,伊之密,深圳创业板
300416,苏试试验,深圳创业板
300417,南华生物,深圳创业板
300418,昆仑万维,深圳创业板
300419,浩丰科技,深圳创业板
300420,五洋停车,深圳创业板
300421,力星股份,深圳创业板
300422,鹏翎股份,深圳创业板
300423,鲁亿通,深圳创业板
300424,航新科技,深圳创业板
300425,环能科技,深圳创业板
300426,龙力生物,深圳创业板
300427,红相股份,深圳创业板
300428,四通新材,深圳创业板
300429,强力新材,深圳创业板
300430,诚益通,深圳创业板
300431,暴风集团,深圳创业板
300432,富临精工,深圳创业板
300433,蓝思科技,深圳创业板
300434,金石东方,深圳创业板
300435,中科电气,深圳创业板
300436,广生堂,深圳创业板
300437,清水源,深圳创业板
300438,鹏辉能源,深圳创业板
300439,美康生物,深圳创业板
300440,运达科技,深圳创业板
300441,鲍斯股份,深圳创业板
300442,普丽盛,深圳创业板
300443,金雷股份,深圳创业板
300444,双杰电气,深圳创业板
300445,康斯特,深圳创业板
300446,乐凯新材,深圳创业板
300447,全信股份,深圳创业板
300448,浩云科技,深圳创业板
300449,汉邦高科,深圳创业板
300450,先导智能,深圳创业板
300451,创业软件,深圳创业板
300452,山河药辅,深圳创业板
300453,三鑫医疗,深圳创业板
300454,深信服,深圳创业板
300455,康拓红外,深圳创业板
300456,赛微电子,深圳创业板
300457,赢合科技,深圳创业板
300458,全志科技,深圳创业板
300459,汤姆猫,深圳创业板
300460,惠伦晶体,深圳创业板
300461,田中精机,深圳创业板
300462,华铭智能,深圳创业板
300463,迈克生物,深圳创业板
300464,星徽精密,深圳创业板
300465,高伟电子,深圳创业板
300466,赛摩智能,深圳创业板
300467,迅游科技,深圳创业板
300468,四方精创,深圳创业板
300469,信息发展,深圳创业板
300470,日机密封,深圳创业板
300471,厚普股份,深圳创业板
300472,新元科技,深圳创业板
300473,德尔股份,深圳创业板
300474,景嘉微,深圳创业板
300475,聚隆科技,深圳创业板
300476,普路通,深圳创业板
300477,深赛格,深圳创业板
300478,杭州高新,深圳创业板
300479,神思电子,深圳创业板
300480,光力科技,深圳创业板
300481,濮阳惠成,深圳创业板
300482,万孚生物,深圳创业板
300483,纳斯达,深圳创业板
300484,蓝盾股份,深圳创业板
300485,赛升药业,深圳创业板
300486,东杰智能,深圳创业板
300487,赤天化,深圳创业板
300488,恒锋工具,深圳创业板
300489,中富通,深圳创业板
300490,华自科技,深圳创业板
300491,通合科技,深圳创业板
300492,山鼎设计,深圳创业板
300493,润欣科技,深圳创业板
300494,盛天网络,深圳创业板
300495,美尚生态,深圳创业板
300496,中科创达,深圳创业板
300497,富祥股份,深圳创业板
300498,温氏股份,深圳创业板
300499,启迪设计,深圳创业板
